Asset,Start,End,Years,CAGR,AnnMu,AnnVol
MMM,1999-01-31,2024-12-31,25.916495550992472,0.08440853543907201,0.1050050821136376,0.21912872819640986
AOS,1999-01-31,2024-12-31,25.916495550992472,0.13555071087131831,0.17712561734344912,0.3156419859281574
ABT,1999-01-31,2024-12-31,25.916495550992472,0.09447198441947746,0.11065746167503594,0.19950942388234444
ABBV,2013-01-31,2024-12-31,11.915126625598905,0.18691482373347412,0.20383827123630102,0.2516039627902106
ACN,2001-07-31,2024-12-31,23.419575633127995,0.16139345363041535,0.1811217463742859,0.24989365739587613
ADBE,1999-01-31,2024-12-31,25.916495550992472,0.18151025238488194,0.24297047839878433,0.39681714149002334
AMD,1999-01-31,2024-12-31,25.916495550992472,0.09567387975225494,0.2917084678337472,0.6440424902933077
AES,1999-01-31,2024-12-31,25.916495550992472,0.0035310884342472093,0.11993634257373428,0.4610416790173608
AFL,1999-01-31,2024-12-31,25.916495550992472,0.1125442387865363,0.1500241109489327,0.2890101982276363
A,1999-11-30,2024-12-31,25.086926762491444,0.06857176486457894,0.14983077764397953,0.42025331888946404
APD,1999-01-31,2024-12-31,25.916495550992472,0.11533176810215284,0.13914072405418093,0.24513798167200793
ABNB,2020-12-31,2024-12-31,4.0,-0.026568105402435482,0.05889545433846713,0.4148840730958972
AKAM,1999-10-31,2024-12-31,25.169062286105408,-0.016482716741559766,0.18113070045970775,0.659039481706008
ALB,1999-01-31,2024-12-31,25.916495550992472,0.09820837768372548,0.16138175001801933,0.3693830429529809
ARE,1999-01-31,2024-12-31,25.916495550992472,0.08688609273857684,0.11972192499683937,0.26497710905439054
ALGN,2001-01-31,2024-12-31,23.915126625598905,0.12082232771552781,0.3056361803035602,0.6316327430310759
ALLE,2013-11-30,2024-12-31,11.085557837097879,0.11695239180871186,0.139937139010002,0.2415178971948055
LNT,1999-01-31,2024-12-31,25.916495550992472,0.10165343364629376,0.11557852865586014,0.19068226713115827
ALL,1999-01-31,2024-12-31,25.916495550992472,0.09124508069842441,0.12438670365139168,0.2634205446529445
GOOGL,2004-08-31,2024-12-31,20.334017796030118,0.2364984915309818,0.2571563849307995,0.30050895996818827
GOOG,2004-08-31,2024-12-31,20.334017796030118,0.23724446900386464,0.25772287303799046,0.30034298977790214
MO,1999-01-31,2024-12-31,25.916495550992472,0.1263670799389045,0.1489923772922046,0.2414840910999215
AMZN,1999-01-31,2024-12-31,25.916495550992472,0.18169387572156648,0.26995979213421717,0.4545972709007487
AMCR,2012-05-31,2024-12-31,12.58590006844627,0.05491503474493942,0.07459932361946185,0.20593218620769035
AEE,1999-01-31,2024-12-31,25.916495550992472,0.0812593214743782,0.09477586171265581,0.1791419861757765
AEP,1999-01-31,2024-12-31,25.916495550992472,0.07583475956536412,0.09378163499723549,0.2017505115432787
AXP,1999-01-31,2024-12-31,25.916495550992472,0.10714227535932874,0.14650869438965777,0.31162546316226253
AIG,1999-01-31,2024-12-31,25.916495550992472,-0.08163571176120077,0.0996367474212792,0.6822073244798604
AMT,1999-01-31,2024-12-31,25.916495550992472,0.09001254713232343,0.17900353236822342,0.49201187372548993
AWK,2008-04-30,2024-12-31,16.670773442847366,0.1393551695729125,0.14884790981897136,0.18889635799863122
AMP,2005-09-30,2024-12-31,19.252566735112936,0.17378261443170406,0.2150413605297774,0.3232439413126852
AME,1999-01-31,2024-12-31,25.916495550992472,0.18508051843708007,0.20131482347841584,0.24635327844280605
AMGN,1999-01-31,2024-12-31,25.916495550992472,0.09896672767304437,0.12940926350993598,0.2677517863209827
APH,1999-01-31,2024-12-31,25.916495550992472,0.21513552882225784,0.24767440789209624,0.3214168343425827
ADI,1999-01-31,2024-12-31,25.916495550992472,0.1284835208061561,0.19258366432998886,0.3890067868980821
AON,1999-01-31,2024-12-31,25.916495550992472,0.11245328451964731,0.14712450399358112,0.2830086853002741
APA,1999-01-31,2024-12-31,25.916495550992472,0.052075050227294195,0.20481436535728126,0.6031071425024895
APO,2011-03-31,2024-12-31,13.754962354551678,0.2575488929263803,0.2928809725930679,0.35482726241427776
AAPL,1999-01-31,2024-12-31,25.916495550992472,0.29504943151627083,0.34085838749158065,0.38786384159272724
AMAT,1999-01-31,2024-12-31,25.916495550992472,0.10767526773499747,0.17450868180740353,0.38148053345873784
APTV,2011-11-30,2024-12-31,13.086926762491444,0.10665263487892207,0.16705735664568744,0.3602388815207186
ACGL,1999-01-31,2024-12-31,25.916495550992472,0.1555857060123902,0.16962496111943728,0.22106207324255486
ADM,1999-01-31,2024-12-31,25.916495550992472,0.0765877305317837,0.11194943877341787,0.2769507852974968
ANET,2014-06-30,2024-12-31,10.505133470225873,0.37617849757956523,0.39918345419457407,0.39208403174136547
AJG,1999-01-31,2024-12-31,25.916495550992472,0.16235491679073344,0.17846409394828078,0.23352713812378006
AIZ,2004-02-29,2024-12-31,20.83778234086242,0.12625922332100514,0.15705628114025205,0.259754959139729
T,1999-01-31,2024-12-31,25.916495550992472,0.04376701553827189,0.06947705197128633,0.23100209154778495
ATO,1999-01-31,2024-12-31,25.916495550992472,0.10208710602714466,0.11351023759804375,0.17845701920889148
ADSK,1999-01-31,2024-12-31,25.916495550992472,0.13734688217967594,0.21799942091128427,0.42409816881540807
ADP,1999-01-31,2024-12-31,25.916495550992472,0.10960823676251685,0.12645565533881065,0.21027890075930405
AZO,1999-01-31,2024-12-31,25.916495550992472,0.19162946139885162,0.20762405790970942,0.2508559361764596
AVB,1999-01-31,2024-12-31,25.916495550992472,0.12153244392593465,0.1405757453043644,0.22311959109809076
AVY,1999-01-31,2024-12-31,25.916495550992472,0.07839748813736014,0.1097239597127402,0.2605424736608796
AXON,2001-06-30,2024-12-31,23.50444900752909,0.34886620214437447,0.5011656908876113,0.670282463161702
BKR,1999-01-31,2024-12-31,25.916495550992472,0.0672802986001464,0.13849047761512692,0.38053070731083566
BALL,1999-01-31,2024-12-31,25.916495550992472,0.13273000141746683,0.15629409648072218,0.24891703744729726
BAC,1999-01-31,2024-12-31,25.916495550992472,0.03720431947120573,0.11025359489479525,0.379127658491128
BAX,1999-01-31,2024-12-31,25.916495550992472,0.0358634422670967,0.0665335951974797,0.24646355087018593
BDX,1999-01-31,2024-12-31,25.916495550992472,0.09143923481092475,0.11007170557424117,0.21113064444526677
BRK.B,,,,,,
BBY,1999-01-31,2024-12-31,25.916495550992472,0.07981892414243719,0.18282111790831554,0.4688292515829074
TECH,1999-01-31,2024-12-31,25.916495550992472,0.13596004983234722,0.17830849952751707,0.3247989262872576
BIIB,1999-01-31,2024-12-31,25.916495550992472,0.11760779714167313,0.20504079941256323,0.4445738075986009
BLK,1999-10-31,2024-12-31,25.169062286105408,0.20549308270402245,0.2327084462207683,0.3004068982407445
BX,2007-06-30,2024-12-31,17.505817932922657,0.16824452040293525,0.22874325762293068,0.37819129669508966
XYZ,2015-11-30,2024-12-31,9.086926762491444,0.2439991119565137,0.4066411801205,0.6126176961880254
BK,1999-01-31,2024-12-31,25.916495550992472,0.05168490906588841,0.08459219965185896,0.26243841235520804
BA,1999-01-31,2024-12-31,25.916495550992472,0.08349028786300638,0.13636198442266756,0.3289191804269424
BKNG,1999-03-31,2024-12-31,25.754962354551676,0.09407230814854906,0.29453792036974774,0.6546282214350467
BSX,1999-01-31,2024-12-31,25.916495550992472,0.08005264540308099,0.1311895866395762,0.3298198003098241
BMY,1999-01-31,2024-12-31,25.916495550992472,0.03286665994113469,0.06266641479699618,0.2437146501695306
AVGO,2009-08-31,2024-12-31,15.3347022587269,0.40414565032814176,0.3890111381457876,0.3080003682445556
BR,2007-03-31,2024-12-31,17.754962354551676,0.17056168193567567,0.18834075849053267,0.24379245155827436
BRO,1999-01-31,2024-12-31,25.916495550992472,0.17159557837807182,0.18657182721610255,0.23616553394381296
BF.B,,,,,,
BLDR,2005-06-30,2024-12-31,19.50444900752909,0.1282794339056934,0.31088175021228537,0.6091693922381474
BG,2001-08-31,2024-12-31,23.3347022587269,0.08448923922585472,0.12747082465217102,0.3006313282971716
BXP,1999-01-31,2024-12-31,25.916495550992472,0.08102249539477202,0.11150715676729317,0.2593279806987017
CHRW,1999-01-31,2024-12-31,25.916495550992472,0.13118098992548455,0.15901774279007796,0.26902596219963887
CDNS,1999-01-31,2024-12-31,25.916495550992472,0.09045384659065303,0.15855718630510324,0.3688642042458476
CZR,2014-09-30,2024-12-31,10.25325119780972,0.22182888392757416,0.39844119993341565,0.6040321693296281
CPT,1999-01-31,2024-12-31,25.916495550992472,0.11374431940640717,0.13773782006449214,0.2398641753278743
CPB,1999-01-31,2024-12-31,25.916495550992472,0.023739010778744518,0.0451488478271234,0.2071446707990859
COF,1999-01-31,2024-12-31,25.916495550992472,0.0680891857005077,0.1446670957981621,0.38909037316648704
CAH,1999-01-31,2024-12-31,25.916495550992472,0.06592082354245665,0.09818080673328203,0.2579377720854692
KMX,1999-01-31,2024-12-31,25.916495550992472,0.14531994772157275,0.2469762403546943,0.49611716411311496
CCL,1999-01-31,2024-12-31,25.916495550992472,-0.0067593783483200776,0.08442557689923616,0.41969060947078896
CARR,2020-03-31,2024-12-31,4.7529089664613275,0.35384239775058224,0.35406323216946894,0.31091078682133183
CAT,1999-01-31,2024-12-31,25.916495550992472,0.14370429964844167,0.18723404917196607,0.3247912356682646
CBOE,2010-06-30,2024-12-31,14.505133470225873,0.1488594806719301,0.1678957058535725,0.23781441081096655
CBRE,2004-06-30,2024-12-31,20.503764544832308,0.15863839848850025,0.2325581214276226,0.41769718891879604
CDW,2013-06-30,2024-12-31,11.50444900752909,0.22671173972916425,0.23465184333412972,0.23967480333411545
COR,1999-01-31,2024-12-31,25.916495550992472,0.14808544289820924,0.17674513326095068,0.2748798236848092
CNC,2001-12-31,2024-12-31,23.000684462696782,0.1641838219223799,0.2172246210423764,0.36127004414407726
CNP,1999-01-31,2024-12-31,25.916495550992472,0.059381758841730914,0.10342879876382047,0.2956341736204266
CF,2005-08-31,2024-12-31,19.3347022587269,0.20277337517333893,0.26916991269656065,0.40688866832870985
CRL,2000-06-30,2024-12-31,24.503764544832308,0.0900398622516203,0.14260345195581445,0.3316364704527292
SCHW,1999-01-31,2024-12-31,25.916495550992472,0.0579497126843882,0.11606918622176067,0.3440157312374274
CHTR,2010-01-31,2024-12-31,14.915811088295689,0.17584251889448943,0.2070636588008125,0.29750377246101517
CVX,1999-01-31,2024-12-31,25.916495550992472,0.09264549230617947,0.11600045410886993,0.2348832117872928
CMG,2006-01-31,2024-12-31,18.915811088295687,0.24509227617789042,0.28563412440603436,0.363167015069197
CB,1999-01-31,2024-12-31,25.916495550992472,0.11497315489521087,0.13591806406766277,0.231484837532267
CHD,1999-01-31,2024-12-31,25.916495550992472,0.15716249393000226,0.16579567369422615,0.19549133688890255
CI,1999-01-31,2024-12-31,25.916495550992472,0.10042363011817379,0.15315463046993327,0.32375335284916323
CINF,1999-01-31,2024-12-31,25.916495550992472,0.09779016924939721,0.11947067588315687,0.2255704855945695
CTAS,1999-01-31,2024-12-31,25.916495550992472,0.12178914415122288,0.15397831802782247,0.27682949397155415
CSCO,1999-01-31,2024-12-31,25.916495550992472,0.045654326624336106,0.0988231410950898,0.3251958029081161
C,1999-01-31,2024-12-31,25.916495550992472,-0.02859716587864325,0.055189782976758014,0.4000535814488216
CFG,2014-09-30,2024-12-31,10.25325119780972,0.09956490496193315,0.1605294715963427,0.35330807372922557
CLX,1999-01-31,2024-12-31,25.916495550992472,0.06498760731955211,0.08547100617749456,0.21050967264915688
CME,2002-12-31,2024-12-31,22.001368925393567,0.19784184651714787,0.22051594594299273,0.2853215475861571
CMS,1999-01-31,2024-12-31,25.916495550992472,0.04943001157042404,0.09228237823259068,0.28576085556664493
KO,1999-01-31,2024-12-31,25.916495550992472,0.05349088719827244,0.06958493978310468,0.18525903764346033
CTSH,1999-01-31,2024-12-31,25.916495550992472,0.19679119849123605,0.2702320543090542,0.4277339823085559
COIN,2021-04-30,2024-12-31,3.671457905544148,-0.040718918774804935,0.36627445247827456,0.9461448654172331
CL,1999-01-31,2024-12-31,25.916495550992472,0.08239785864288773,0.09651229579669371,0.18688574949870232
CMCSA,1999-01-31,2024-12-31,25.916495550992472,0.06278504503582627,0.0930655726509482,0.25191931261642
CAG,1999-01-31,2024-12-31,25.916495550992472,0.03836999706812727,0.06659421835924517,0.236914913764507
COP,1999-01-31,2024-12-31,25.916495550992472,0.11011035870450958,0.15052408875459575,0.3036835576044114
ED,1999-01-31,2024-12-31,25.916495550992472,0.07094885737167433,0.08293315414291963,0.16859138242627858
STZ,1999-01-31,2024-12-31,25.916495550992472,0.14594809334106706,0.17565386409935263,0.2780083450775241
CEG,2022-01-31,2024-12-31,2.915811088295688,0.7182630363026079,0.6225250030303079,0.3907439739878193
COO,1999-01-31,2024-12-31,25.916495550992472,0.16293171146419283,0.2043344289763247,0.31776112231598186
CPRT,1999-01-31,2024-12-31,25.916495550992472,0.22186038575724254,0.2606686821648385,0.35053659192909364
GLW,1999-01-31,2024-12-31,25.916495550992472,0.05910423458378378,0.1672363220293416,0.48920486851579265
CPAY,2010-12-31,2024-12-31,14.001368925393566,0.186183122680861,0.21530692867365187,0.2937955908810533
CTVA,2019-05-31,2024-12-31,5.587953456536619,0.15698862445207018,0.17797773915883228,0.25157709963787195
CSGP,1999-01-31,2024-12-31,25.916495550992472,0.14105318181864823,0.2117092900144214,0.40241468948049386
COST,1999-01-31,2024-12-31,25.916495550992472,0.14462430028132478,0.1632352594615878,0.22898806894281612
CTRA,1999-01-31,2024-12-31,25.916495550992472,0.14490961012965142,0.2066539227267689,0.38124935423527556
CRWD,2019-06-30,2024-12-31,5.505817932922656,0.3454963586424924,0.44969270595037425,0.5425906162325019
CCI,1999-01-31,2024-12-31,25.916495550992472,0.07540571106145366,0.1612545802469913,0.4215695187393318
CSX,1999-01-31,2024-12-31,25.916495550992472,0.12886535536583676,0.15866132572963987,0.27107108070670344
CMI,1999-01-31,2024-12-31,25.916495550992472,0.17605164382853156,0.22624591759179413,0.35836150031952274
CVS,1999-01-31,2024-12-31,25.916495550992472,0.03475425801648879,0.06950252393026587,0.2628376629621852
DHR,1999-01-31,2024-12-31,25.916495550992472,0.156127652653421,0.17604710487648834,0.2564503510124181
DRI,1999-01-31,2024-12-31,25.916495550992472,0.13994708405377687,0.1848535560610321,0.32656557493792104
DDOG,2019-09-30,2024-12-31,5.253935660506502,0.31741698429551857,0.407302681559936,0.5342950444425953
DVA,1999-01-31,2024-12-31,25.916495550992472,0.12094055251104208,0.19196384064132896,0.3846385029710846
DAY,2018-04-30,2024-12-31,6.672142368240931,0.13273910667844335,0.19990193252303357,0.3816659554260191
DECK,1999-01-31,2024-12-31,25.916495550992472,0.3273403576687812,0.39071323239575917,0.4589996043844512
DE,1999-01-31,2024-12-31,25.916495550992472,0.1565776464969213,0.1869345722376327,0.2849213170102846
DELL,2016-08-31,2024-12-31,8.334017796030116,0.3152309444709569,0.32492351225631383,0.3101645091584052
DAL,2007-05-31,2024-12-31,17.587953456536617,0.07632584475545001,0.17129107492477696,0.43802154710394936
DVN,1999-01-31,2024-12-31,25.916495550992472,0.054758422697315234,0.14989907847480838,0.4416471240080206
DXCM,2005-04-30,2024-12-31,19.67145790554415,0.1911705907167005,0.3252918707019382,0.5501439999655453
FANG,2012-10-31,2024-12-31,12.167008898015059,0.22563436900251754,0.312041419310798,0.4613714914930268
DLR,2004-10-31,2024-12-31,20.16700889801506,0.18947564070971956,0.20529892423912133,0.24540918981213108
DG,2009-11-30,2024-12-31,15.085557837097879,0.09040057583999084,0.12063891859371141,0.2553505304640809
DLTR,1999-01-31,2024-12-31,25.916495550992472,0.08243510914584773,0.13939787717808397,0.3438376070660804
D,1999-01-31,2024-12-31,25.916495550992472,0.07911368559120358,0.09388786814243706,0.1860202842548117
DPZ,2004-07-31,2024-12-31,20.418891170431213,0.22843499810021495,0.2718184873799118,0.3530496725029834
DASH,2020-12-31,2024-12-31,4.0,0.044028698118973475,0.1747943801186496,0.5146784709377853
DOV,1999-01-31,2024-12-31,25.916495550992472,0.10826427493892066,0.13720374287581077,0.26127654952955925
DOW,2019-03-31,2024-12-31,5.754962354551677,0.0063397995158069875,0.059600176708919324,0.3211133519187999
DHI,1999-01-31,2024-12-31,25.916495550992472,0.1447301573698767,0.21388046608751016,0.3937021549614088
DTE,1999-01-31,2024-12-31,25.916495550992472,0.09537191361138153,0.10729532754989052,0.17667285517928433
DUK,1999-01-31,2024-12-31,25.916495550992472,0.07504113827634051,0.09371674098690519,0.20328029731083588
DD,1999-01-31,2024-12-31,25.916495550992472,0.05592791598861213,0.1177243724122296,0.3701802792864926
EMN,1999-01-31,2024-12-31,25.916495550992472,0.09518444025456674,0.1440535257215363,0.3306536873317892
ETN,1999-01-31,2024-12-31,25.916495550992472,0.1635121431391786,0.1884433806270568,0.26905909295362723
EBAY,1999-01-31,2024-12-31,25.916495550992472,0.10752055018626305,0.1824378494841339,0.4046439957662406
ECL,1999-01-31,2024-12-31,25.916495550992472,0.11422182890651711,0.1309008686546606,0.2122020154314572
EIX,1999-01-31,2024-12-31,25.916495550992472,0.0738506397128027,0.10849233347529066,0.2654164527997712
EW,2000-03-31,2024-12-31,24.752908966461327,0.18422307140000282,0.217440925192499,0.30416297931237896
EA,1999-01-31,2024-12-31,25.916495550992472,0.10789762639236877,0.16348470239721363,0.3438953709167933
ELV,2001-10-31,2024-12-31,23.16769336071184,0.14188458298448015,0.16895822343186842,0.26424758906843443
EMR,1999-01-31,2024-12-31,25.916495550992472,0.08706572279319635,0.11494590042661859,0.2498413510830673
ENPH,2012-03-31,2024-12-31,12.752908966461328,0.19373567122357804,0.5001190864605138,0.8507327282506766
ETR,1999-01-31,2024-12-31,25.916495550992472,0.10758545653981555,0.1246131111256802,0.2106352209223078
EOG,1999-01-31,2024-12-31,25.916495550992472,0.15301725404511846,0.21137869400382944,0.37099837949546965
EPAM,2012-02-29,2024-12-31,12.837782340862423,0.24477527490089424,0.3186426138786704,0.4309311675273201
EQT,1999-01-31,2024-12-31,25.916495550992472,0.12138507616688154,0.18572565048280626,0.39453710940056186
EFX,1999-01-31,2024-12-31,25.916495550992472,0.106684238601505,0.1402855067905304,0.27764326704272413
EQIX,2000-08-31,2024-12-31,24.334017796030118,0.036219917115948075,0.26683357167711075,0.7730215026857205
EQR,1999-01-31,2024-12-31,25.916495550992472,0.10237065981032711,0.12345274777852547,0.22507918431732912
ERIE,1999-01-31,2024-12-31,25.916495550992472,0.13635892324400456,0.154389160882682,0.23124727459873004
ESS,1999-01-31,2024-12-31,25.916495550992472,0.13549290229106825,0.15235117906715168,0.22184306014749045
EL,1999-01-31,2024-12-31,25.916495550992472,0.06251742373941993,0.10291466664453482,0.28751275904079476
EG,1999-01-31,2024-12-31,25.916495550992472,0.11438824075993326,0.13487430232487393,0.23080086204619718
EVRG,1999-01-31,2024-12-31,25.916495550992472,0.07629432396834956,0.0956273049806207,0.2075148623939386
ES,1999-01-31,2024-12-31,25.916495550992472,0.08593743369706242,0.100331135727937,0.18747969038235857
EXC,1999-01-31,2024-12-31,25.916495550992472,0.07804609044856314,0.09828170226732034,0.21449911102536795
EXE,2021-02-28,2024-12-31,3.838466803559206,0.3025943943710594,0.3082378847927072,0.2900080436931768
EXPE,2005-07-31,2024-12-31,19.419575633127995,0.09491810158434744,0.1871216594389516,0.43625938287904414
EXPD,1999-01-31,2024-12-31,25.916495550992472,0.1319550116953827,0.15871661287388367,0.2635622067286403
EXR,2004-08-31,2024-12-31,20.334017796030118,0.17088905305503554,0.1973349922522704,0.27788738943768254
XOM,1999-01-31,2024-12-31,25.916495550992472,0.07637074197118232,0.09732831559710309,0.21845044960484872
FFIV,1999-06-30,2024-12-31,25.505817932922657,0.10347792993368565,0.27830083663307775,0.6086045618404099
FDS,1999-01-31,2024-12-31,25.916495550992472,0.1499959123040211,0.1819348489834703,0.2899659234008554
FICO,1999-01-31,2024-12-31,25.916495550992472,0.21003194855208496,0.25259034496197896,0.3504349685287111
FAST,1999-01-31,2024-12-31,25.916495550992472,0.1589818378387804,0.18902205407528055,0.2875570033939998
FRT,1999-01-31,2024-12-31,25.916495550992472,0.10962276710378682,0.1318321858366353,0.2292452492531262
FDX,1999-01-31,2024-12-31,25.916495550992472,0.0856145330368574,0.12280063777038458,0.28320861482004495
FIS,2001-06-30,2024-12-31,23.50444900752909,0.08952439650778032,0.12171619518334202,0.26084854584676087
FITB,1999-01-31,2024-12-31,25.916495550992472,0.025495401613811586,0.1075705552327755,0.38381085008619326
FSLR,2006-11-30,2024-12-31,18.086242299794662,0.10706599895865909,0.27033586991976527,0.5944866528898183
FE,1999-01-31,2024-12-31,25.916495550992472,0.056093740564321815,0.079112877385806,0.21841765521445627
FI,1999-01-31,2024-12-31,25.916495550992472,0.15060820125470697,0.17379330268622298,0.2565756319342371
F,1999-01-31,2024-12-31,25.916495550992472,-0.013655402458266575,0.08586134682640362,0.4707410958990738
FTNT,2009-11-30,2024-12-31,15.085557837097879,0.30586334237873225,0.3367384278237318,0.3686411975866917
FTV,2016-07-31,2024-12-31,8.41889117043121,0.07812403792727429,0.10421878781472751,0.23886407422339948
FOXA,2019-03-31,2024-12-31,5.754962354551677,0.06642964396620066,0.09796574394297353,0.2555444579867373
FOX,2019-03-31,2024-12-31,5.754962354551677,0.06078829922450901,0.09341361148358067,0.2583700244811289
BEN,1999-01-31,2024-12-31,25.916495550992472,0.04985562489285389,0.09452038109329143,0.3028444756513201
FCX,1999-01-31,2024-12-31,25.916495550992472,0.10495239540810553,0.23222089335254953,0.515009551996392
GRMN,2000-12-31,2024-12-31,24.0,0.16556915872323152,0.21093523040452278,0.33581534815014064
IT,1999-01-31,2024-12-31,25.916495550992472,0.12559893503482766,0.18030532408162037,0.34780417025938165
GE,1999-01-31,2024-12-31,25.916495550992472,0.024380012502128734,0.0708032916065224,0.3057985197432206
GEHC,2022-12-31,2024-12-31,2.001368925393566,0.1618633897790418,0.1972755683835949,0.31120202467912667
GEV,2024-03-31,2024-12-31,0.7529089664613279,2.2434458671022917,1.278380409336805,0.3052506483499298
GEN,1999-01-31,2024-12-31,25.916495550992472,0.13921378968877263,0.2080144839938753,0.4031877781797602
GNRC,2010-02-28,2024-12-31,14.839151266255989,0.21276536581071048,0.28761111213050583,0.4376830337857925
GD,1999-01-31,2024-12-31,25.916495550992472,0.1110097992043868,0.13325715646842873,0.23348413543780133
GIS,1999-01-31,2024-12-31,25.916495550992472,0.07518198946031496,0.0871251135843169,0.1703067104941329
GM,2010-11-30,2024-12-31,14.08624229979466,0.05346711409703042,0.10450776742939685,0.32422842044742245
GPC,1999-01-31,2024-12-31,25.916495550992472,0.08584481476834327,0.10658655195283111,0.22071619891308647
GILD,1999-01-31,2024-12-31,25.916495550992472,0.19251756529283703,0.2316959974779626,0.34551119324564866
GPN,2001-01-31,2024-12-31,23.915126625598905,0.1449963363802016,0.17773420042483987,0.2876387120168253
GL,1999-01-31,2024-12-31,25.916495550992472,0.09146087014731874,0.12252817161172286,0.25783210751152336
GDDY,2015-03-31,2024-12-31,9.754962354551678,0.2660225458048895,0.2772946594318662,0.28649751235723064
GS,1999-05-31,2024-12-31,25.587953456536617,0.10184747946001016,0.14762586329743216,0.31858112001699
HAL,1999-01-31,2024-12-31,25.916495550992472,0.039254344860913726,0.138242059738227,0.43667586147121573
HIG,1999-01-31,2024-12-31,25.916495550992472,0.05127406170451887,0.15128030659965294,0.435027403694966
HAS,1999-01-31,2024-12-31,25.916495550992472,0.05807471046839763,0.09811727633954143,0.2863832722246879
HCA,2011-03-31,2024-12-31,13.754962354551678,0.19616504485230202,0.2340592584925279,0.32875716048320497
DOC,1999-01-31,2024-12-31,25.916495550992472,0.08003927103267183,0.11152983245554213,0.2603483735091492
HSIC,1999-01-31,2024-12-31,25.916495550992472,0.08551798528756405,0.12634882794456953,0.29606062306691755
HSY,1999-01-31,2024-12-31,25.916495550992472,0.09613854177881609,0.11165818784270234,0.1997753257632551
HPE,2015-10-31,2024-12-31,9.169062286105408,0.1361203004050986,0.174439621863567,0.30988448252712947
HLT,2013-12-31,2024-12-31,11.000684462696784,0.17208860097469514,0.1945911162641989,0.26101472058763414
HOLX,1999-01-31,2024-12-31,25.916495550992472,0.12755845476321892,0.21008868040725454,0.43624670282718486
HD,1999-01-31,2024-12-31,25.916495550992472,0.1135436614704517,0.14062762419949926,0.2557202058718396
HON,1999-01-31,2024-12-31,25.916495550992472,0.09624673067380307,0.1328549402069002,0.28198291544689597
HRL,1999-01-31,2024-12-31,25.916495550992472,0.0996559899790952,0.11429819485671963,0.19438777325537054
HST,1999-01-31,2024-12-31,25.916495550992472,0.05394192625378058,0.11542931060079928,0.36675751264278733
HWM,2016-11-30,2024-12-31,8.084873374401095,0.2882697608634379,0.3458588813817814,0.4177242241483959
HPQ,1999-01-31,2024-12-31,25.916495550992472,0.05484302939649455,0.11306920196261883,0.34572684934319764
HUBB,1999-01-31,2024-12-31,25.916495550992472,0.13020082339954575,0.1564794318439519,0.25864502333366846
HUM,1999-01-31,2024-12-31,25.916495550992472,0.11272628916872951,0.1717119941086787,0.3565267686417749
HBAN,1999-01-31,2024-12-31,25.916495550992472,0.018427354369546345,0.08792694785556228,0.35503442696337123
HII,2011-03-31,2024-12-31,13.754962354551678,0.1327459691550259,0.1628131312934411,0.2717995644016479
IBM,1999-01-31,2024-12-31,25.916495550992472,0.06202592501712445,0.09170658363221772,0.25167251587988815
IEX,1999-01-31,2024-12-31,25.916495550992472,0.1407508301128262,0.162328749346334,0.24363617069503393
IDXX,1999-01-31,2024-12-31,25.916495550992472,0.1737089086818846,0.2176830586637012,0.3520250449773889
ITW,1999-01-31,2024-12-31,25.916495550992472,0.1086085511097612,0.12947610295943768,0.22774914470399374
INCY,1999-01-31,2024-12-31,25.916495550992472,0.06030594103400766,0.25844415305072554,0.6729070755992724
IR,2017-05-31,2024-12-31,7.586584531143052,0.21062869691068542,0.2421368200665421,0.31677205206692804
PODD,2007-05-31,2024-12-31,17.587953456536617,0.1778041398270258,0.2778956166175015,0.46709443235118014
INTC,1999-01-31,2024-12-31,25.916495550992472,-0.0003114712049872015,0.06278575541391412,0.3464294457357007
IBKR,2007-05-31,2024-12-31,17.587953456536617,0.16725971734219924,0.20481286765499204,0.32106335226233157
ICE,2005-11-30,2024-12-31,19.085557837097877,0.18783765565306387,0.2187682946809536,0.3028935641414905
IFF,1999-01-31,2024-12-31,25.916495550992472,0.05024729222223079,0.0801539326548182,0.2464905270142228
IP,1999-01-31,2024-12-31,25.916495550992472,0.04983253909018681,0.10496148913998928,0.34395718380295526
IPG,1999-01-31,2024-12-31,25.916495550992472,0.005444781989325076,0.06861016793355826,0.3576872004664218
INTU,1999-01-31,2024-12-31,25.916495550992472,0.15994680918425797,0.2040648301198236,0.34539495518953867
ISRG,2000-06-30,2024-12-31,24.503764544832308,0.253039097866516,0.35803618170899265,0.5512527784903534
IVZ,1999-01-31,2024-12-31,25.916495550992472,0.03296749391334752,0.10859787066475254,0.3874071506729436
INVH,2017-02-28,2024-12-31,7.838466803559206,0.07480649391516003,0.09591266959515837,0.2140387664973045
IQV,2013-05-31,2024-12-31,11.586584531143053,0.13829305072501508,0.16789848575922378,0.27874089249260864
IRM,1999-01-31,2024-12-31,25.916495550992472,0.1378509549356859,0.1658288297363026,0.26989096470512236
JBHT,1999-01-31,2024-12-31,25.916495550992472,0.14522692168229923,0.18440264102194015,0.31002136355329724
JBL,1999-01-31,2024-12-31,25.916495550992472,0.09440010965897572,0.19520223025608108,0.45515751842873964
JKHY,1999-01-31,2024-12-31,25.916495550992472,0.13156839722004965,0.15848055022303384,0.2628994729793977
J,1999-01-31,2024-12-31,25.916495550992472,0.11260903183971238,0.1471570472434287,0.28075075141853584
JNJ,1999-01-31,2024-12-31,25.916495550992472,0.07496106132825475,0.08692959034799666,0.169860049692361
JCI,1999-01-31,2024-12-31,25.916495550992472,0.027612709538380242,0.09219941375716048,0.3363057699535634
JPM,1999-01-31,2024-12-31,25.916495550992472,0.09203854672897926,0.13336014295259807,0.2981140930917677
K,1999-01-31,2024-12-31,25.916495550992472,0.061858695482741366,0.07844080335155823,0.19363916721521526
KVUE,2023-05-31,2024-12-31,1.5879534565366187,-0.06792534696061314,-0.0217485750099809,0.3130699152246426
KDP,2008-05-31,2024-12-31,16.58590006844627,0.15839853207137966,0.17524578228081636,0.23423011573993377
KEY,1999-01-31,2024-12-31,25.916495550992472,0.01166054249094528,0.06432529957022917,0.31693312611399244
KEYS,2014-10-31,2024-12-31,10.168377823408624,0.17418117376974296,0.20037436585669927,0.27951979828478724
KMB,1999-01-31,2024-12-31,25.916495550992472,0.07355003039461994,0.08740458658841109,0.1819745788446088
KIM,1999-01-31,2024-12-31,25.916495550992472,0.07537888568848561,0.12719545022787568,0.3265380589773535
KMI,2011-02-28,2024-12-31,13.839835728952773,0.04126928198404611,0.07388095741785544,0.25063276142690183
KKR,2010-07-31,2024-12-31,14.420260095824778,0.2612912260191198,0.2848548981702464,0.32236729049030854
KLAC,1999-01-31,2024-12-31,25.916495550992472,0.1544506114694204,0.22585464087731397,0.4067772708851299
KHC,2015-07-31,2024-12-31,9.42094455852156,-0.05826243770603423,-0.022380695382455743,0.2685163582698845
KR,1999-01-31,2024-12-31,25.916495550992472,0.06699752083144528,0.09587076461156771,0.2481207836660323
LHX,1999-01-31,2024-12-31,25.916495550992472,0.12675864862801567,0.16088421208308248,0.28555609262524534
LH,1999-01-31,2024-12-31,25.916495550992472,0.1733782017402845,0.2004872511050722,0.28288719155009523
LRCX,1999-01-31,2024-12-31,25.916495550992472,0.17529006519707369,0.26824161744728886,0.47329875540691574
LW,2016-11-30,2024-12-31,8.084873374401095,0.10041400135003897,0.14723543939288763,0.3086252791109651
LVS,2004-12-31,2024-12-31,20.0,0.02453698079941047,0.18718401199955276,0.594207979640386
LDOS,2006-10-31,2024-12-31,18.168377823408623,0.10043469883148903,0.12945959386207648,0.2594926712543129
LEN,1999-01-31,2024-12-31,25.916495550992472,0.1071049520075269,0.17407544901286293,0.372835811044677
LII,1999-07-31,2024-12-31,25.420944558521562,0.1661047287587918,0.2040568783662793,0.314812792265031
LLY,1999-01-31,2024-12-31,25.916495550992472,0.1147267475643039,0.1417116458288863,0.25660814067084614
LIN,1999-01-31,2024-12-31,25.916495550992472,0.1543601950497131,0.1682363827687601,0.22258430538783405
LYV,2005-12-31,2024-12-31,19.000684462696782,0.12884242260639422,0.22027332573457653,0.4334162811909244
LKQ,2003-10-31,2024-12-31,21.169062286105408,0.14642013555800348,0.18193743343015334,0.2959658091982619
LMT,1999-01-31,2024-12-31,25.916495550992472,0.13479935430424717,0.15626254146819327,0.23723951100016535
L,1999-01-31,2024-12-31,25.916495550992472,0.07955379000672513,0.10424599420577373,0.23429972514921887
LOW,1999-01-31,2024-12-31,25.916495550992472,0.12992470649129162,0.16346668239863044,0.2869971897652875
LULU,2007-07-31,2024-12-31,17.420944558521562,0.19988871721119716,0.30118826857457787,0.4944358148223891
LYB,2010-04-30,2024-12-31,14.67214236824093,0.14535108270745534,0.18815743694902803,0.32117242080825714
MTB,1999-01-31,2024-12-31,25.916495550992472,0.07975553491534026,0.10974830361104629,0.2532904878466947
MPC,2011-06-30,2024-12-31,13.505817932922655,0.18340128204870587,0.24986123163785107,0.39088398761580806
MKTX,2004-11-30,2024-12-31,20.084873374401095,0.13816971573874492,0.19223187995506197,0.3539552567903437
MAR,1999-01-31,2024-12-31,25.916495550992472,0.1260827415833412,0.16448737880864256,0.3019701134099351
MMC,1999-01-31,2024-12-31,25.916495550992472,0.10104509967893782,0.12508707271626363,0.23696919641057074
MLM,1999-01-31,2024-12-31,25.916495550992472,0.10594707791332736,0.14131052351218543,0.28386029330151746
MAS,1999-01-31,2024-12-31,25.916495550992472,0.05974503689215216,0.11875321563879895,0.346510859008851
MA,2006-05-31,2024-12-31,18.587268993839835,0.2983276522083651,0.30422098277777965,0.28864928778199866
MTCH,1999-01-31,2024-12-31,25.916495550992472,0.07746831853295855,0.14098059086738396,0.3663074624767993
MKC,1999-01-31,2024-12-31,25.916495550992472,0.11644171017495686,0.12762481584472168,0.18448410981851246
MCD,1999-01-31,2024-12-31,25.916495550992472,0.10591630610882707,0.1202728093866659,0.19484429640687734
MCK,1999-01-31,2024-12-31,25.916495550992472,0.08988517339543001,0.13184943094083923,0.2929678702358861
MDT,1999-01-31,2024-12-31,25.916495550992472,0.0451001640684654,0.06688788151316861,0.21253200468156225
MRK,1999-01-31,2024-12-31,25.916495550992472,0.04974960785669569,0.07775881083505348,0.24034575071881606
META,2012-05-31,2024-12-31,12.58590006844627,0.26905475477558394,0.3117094524067474,0.37932234943655935
MET,2000-04-30,2024-12-31,24.670773442847366,0.09667371508908817,0.1378913070303005,0.29510697621642007
MTD,1999-01-31,2024-12-31,25.916495550992472,0.15923237433055992,0.18754079915727073,0.27888180706736404
MGM,1999-01-31,2024-12-31,25.916495550992472,0.06236550797233886,0.22501846008128562,0.6855782913839393
MCHP,1999-01-31,2024-12-31,25.916495550992472,0.13008760866935676,0.18862686307887444,0.3692570400471261
MU,1999-01-31,2024-12-31,25.916495550992472,0.03151116665327702,0.1628914032801734,0.5080267312785623
MSFT,1999-01-31,2024-12-31,25.916495550992472,0.11231855819140679,0.1467834693676779,0.28382281282972266
MAA,1999-01-31,2024-12-31,25.916495550992472,0.13273153567154616,0.14799183465710203,0.21130187293035585
MRNA,2018-12-31,2024-12-31,6.0013689253935665,0.17104282882640298,0.4728987704744154,0.8744558462511469
MHK,1999-01-31,2024-12-31,25.916495550992472,0.04434785244319284,0.120283855477685,0.3950439029214989
MOH,2003-07-31,2024-12-31,21.420944558521562,0.14541787874465717,0.21009756939695462,0.38033091706169964
TAP,1999-01-31,2024-12-31,25.916495550992472,0.04369544175170037,0.07865423333938414,0.26836240128502337
MDLZ,2001-06-30,2024-12-31,23.50444900752909,0.07209788717041721,0.08733227465249332,0.18640697117800506
MPWR,2004-11-30,2024-12-31,20.084873374401095,0.2361364889902593,0.29721962475644764,0.40637013710050474
MNST,1999-01-31,2024-12-31,25.916495550992472,0.3104883457426322,0.35443115148025706,0.4212267096990103
MCO,1999-01-31,2024-12-31,25.916495550992472,0.16538491918598885,0.19392666269190403,0.28169818797840956
MS,1999-01-31,2024-12-31,25.916495550992472,0.07047586025041719,0.12893332541603153,0.3436198300811419
MOS,1999-01-31,2024-12-31,25.916495550992472,0.02404156914589972,0.12154529967853489,0.4385506948592512
MSI,1999-01-31,2024-12-31,25.916495550992472,0.08124007017050938,0.1303643901269364,0.3181715279217082
MSCI,2007-11-30,2024-12-31,17.086926762491444,0.20528505700814104,0.23323692438424842,0.30056808493067255
NDAQ,2002-07-31,2024-12-31,22.420260095824776,0.15186215185317908,0.19482114281034835,0.32893888467721477
NTAP,1999-01-31,2024-12-31,25.916495550992472,0.09926811930396551,0.2375431716339229,0.5451162550541039
NFLX,2002-05-31,2024-12-31,22.587268993839835,0.3471253998271804,0.451885607995101,0.5542287366177251
NEM,1999-01-31,2024-12-31,25.916495550992472,0.04530114561262244,0.11202115321803133,0.3697641750797283
NWSA,2013-06-30,2024-12-31,11.50444900752909,0.06383759239904996,0.10642510339416686,0.3027293450301758
NWS,2013-06-30,2024-12-31,11.50444900752909,0.07196959649813106,0.11354957288371181,0.30079001936307725
NEE,1999-01-31,2024-12-31,25.916495550992472,0.13065610310066922,0.14361383787926807,0.20098133065816653
NKE,1999-01-31,2024-12-31,25.916495550992472,0.11635626018876755,0.15062837060929846,0.280297742505799
NI,1999-01-31,2024-12-31,25.916495550992472,0.09288713970341833,0.11226372228086387,0.21501245074579753
NDSN,1999-01-31,2024-12-31,25.916495550992472,0.11969899318249055,0.15475831530194806,0.28718845265173026
NSC,1999-01-31,2024-12-31,25.916495550992472,0.11040867031202373,0.1471587105741573,0.29154135284210986
NTRS,1999-01-31,2024-12-31,25.916495550992472,0.05595523879560571,0.08475049350896567,0.2455705317477613
NOC,1999-01-31,2024-12-31,25.916495550992472,0.14195534127167186,0.15998025707104965,0.2306648431927283
NCLH,2013-01-31,2024-12-31,11.915126625598905,-0.001994573650315856,0.1449468331404411,0.5085232228489517
NRG,2003-12-31,2024-12-31,21.00205338809035,0.12137433826949917,0.17199335850005418,0.33947795184380575
NUE,1999-01-31,2024-12-31,25.916495550992472,0.11896247296379192,0.17734261892898728,0.36411571002586446
NVDA,1999-01-31,2024-12-31,25.916495550992472,0.3742681801246668,0.49854559119741304,0.6098856805059152
NVR,1999-01-31,2024-12-31,25.916495550992472,0.22282648046487163,0.24963532014704842,0.30841546495522393
NXPI,2010-08-31,2024-12-31,14.335386721423683,0.23533860979295795,0.2892870320265271,0.4030886214270647
ORLY,1999-01-31,2024-12-31,25.916495550992472,0.19203102946739015,0.21809907752153596,0.2920784792249473
OXY,1999-01-31,2024-12-31,25.916495550992472,0.1071377621133649,0.17513942905090144,0.3790881562464028
ODFL,1999-01-31,2024-12-31,25.916495550992472,0.2574894566109893,0.2841973613720739,0.33051893178809444
OMC,1999-01-31,2024-12-31,25.916495550992472,0.062097712486245626,0.09873623301326681,0.2725652199403382
ON,2000-05-31,2024-12-31,24.58590006844627,0.049582888238772105,0.219682991087165,0.5986552652368273
OKE,1999-01-31,2024-12-31,25.916495550992472,0.16488263189570196,0.21171769240668226,0.3188604927691752
ORCL,1999-01-31,2024-12-31,25.916495550992472,0.1273345200020628,0.18512930141023742,0.36985589407460107
OTIS,2020-03-31,2024-12-31,4.7529089664613275,0.15473079343981455,0.16953975623162013,0.2239299882781997
PCAR,1999-01-31,2024-12-31,25.916495550992472,0.15809372038797553,0.18791690711323927,0.2885735360238973
PKG,2000-01-31,2024-12-31,24.917180013689254,0.1568036265685182,0.1839278768770915,0.27445496917839773
PLTR,2020-09-30,2024-12-31,4.251882272416153,0.6370658831818226,0.9339539980424933,1.1238781772262287
PANW,2012-07-31,2024-12-31,12.41889117043121,0.26943594625195777,0.3033265798638446,0.3557403958739404
PSKY,2005-12-31,2024-12-31,19.000684462696782,-0.02393501576306145,0.07555557488974936,0.45092155839347314
PH,1999-01-31,2024-12-31,25.916495550992472,0.16093157376701517,0.1966164486012354,0.3068930150948534
PAYX,1999-01-31,2024-12-31,25.916495550992472,0.1045874293382909,0.1272689987836167,0.23425504523606697
PAYC,2014-04-30,2024-12-31,10.67214236824093,0.2758071247033127,0.3501696515953923,0.470664750126525
PYPL,2015-07-31,2024-12-31,9.42094455852156,0.08772796429417129,0.14316398897139293,0.33790785957336306
PNR,1999-01-31,2024-12-31,25.916495550992472,0.1029925245602441,0.13968007651039543,0.2899911374373069
PEP,1999-01-31,2024-12-31,25.916495550992472,0.08014961637201523,0.0902975577517918,0.1606551869838636
PFE,1999-01-31,2024-12-31,25.916495550992472,0.017937210381663515,0.04108495904824898,0.21652768328584754
PCG,1999-01-31,2024-12-31,25.916495550992472,0.004472959544895128,0.07842035416867528,0.370629367826295
PM,2008-03-31,2024-12-31,16.752908966461327,0.1042079599160739,0.12400054152063456,0.22006679425007739
PSX,2012-04-30,2024-12-31,12.670773442847365,0.13577858382389918,0.18079352947072358,0.3289583527693319
PNW,1999-01-31,2024-12-31,25.916495550992472,0.0751592971468571,0.0949213589763987,0.2113607030645277
PNC,1999-01-31,2024-12-31,25.916495550992472,0.08469475442434193,0.11898480389613011,0.2721282112604967
POOL,1999-01-31,2024-12-31,25.916495550992472,0.2139661590304862,0.2434987650902467,0.3170483523205283
PPG,1999-01-31,2024-12-31,25.916495550992472,0.08520791026788377,0.11181746947541822,0.2457024287788746
PPL,1999-01-31,2024-12-31,25.916495550992472,0.082796741898024,0.10464484365943588,0.22308148003805656
PFG,2001-10-31,2024-12-31,23.16769336071184,0.08282262321732636,0.15933161379515756,0.4043390704255845
PG,1999-01-31,2024-12-31,25.916495550992472,0.07900099055736987,0.09296999292908348,0.17838075165198722
PGR,1999-01-31,2024-12-31,25.916495550992472,0.15476042659091416,0.1769346184388768,0.2564500252060198
PLD,1999-01-31,2024-12-31,25.916495550992472,0.10434517205414373,0.14076589689579194,0.27765683569586075
PRU,2001-12-31,2024-12-31,23.000684462696782,0.0885578037215684,0.1473647465331405,0.3390624976081676
PEG,1999-01-31,2024-12-31,25.916495550992472,0.10236510291992929,0.12009573675449209,0.21077765574515037
PTC,1999-01-31,2024-12-31,25.916495550992472,0.0689090879972698,0.17090691998541863,0.4446997250089708
PSA,1999-01-31,2024-12-31,25.916495550992472,0.14285167803281573,0.1577911496693679,0.21671807926933856
PHM,1999-01-31,2024-12-31,25.916495550992472,0.11717050792331185,0.1929033551122551,0.40389542919782073
PWR,1999-01-31,2024-12-31,25.916495550992472,0.11631825728778389,0.2319975941831805,0.45875510173818834
QCOM,1999-01-31,2024-12-31,25.916495550992472,0.17064379764905002,0.2538252128222876,0.4657604816813364
DGX,1999-01-31,2024-12-31,25.916495550992472,0.156971397215097,0.18753032996335825,0.2916019540885627
RL,1999-01-31,2024-12-31,25.916495550992472,0.10167636711966255,0.1546843968357664,0.3391683523077169
RJF,1999-01-31,2024-12-31,25.916495550992472,0.15254559927589595,0.1870614782198407,0.29646519903123225
RTX,1999-01-31,2024-12-31,25.916495550992472,0.09511073348295285,0.1208794547845428,0.24158974910498554
O,1999-01-31,2024-12-31,25.916495550992472,0.12221874141934452,0.13839232845175914,0.21053448952371834
REG,1999-01-31,2024-12-31,25.916495550992472,0.10078672094024821,0.13131528405395088,0.260087500981009
REGN,1999-01-31,2024-12-31,25.916495550992472,0.18848765254671807,0.4006608620428532,0.9005766593629702
RF,1999-01-31,2024-12-31,25.916495550992472,0.023010109050187744,0.08618654023918382,0.3403867630401458
RSG,1999-01-31,2024-12-31,25.916495550992472,0.12851343710009755,0.1544891331016233,0.24878697067362643
RMD,1999-01-31,2024-12-31,25.916495550992472,0.15768017124571077,0.2039968805827655,0.3430060472519938
RVTY,1999-01-31,2024-12-31,25.916495550992472,0.09327629357347256,0.15321130449248768,0.35534368505393393
ROK,1999-01-31,2024-12-31,25.916495550992472,0.14117498655114602,0.1874026689562585,0.3319911627340717
ROL,1999-01-31,2024-12-31,25.916495550992472,0.17619711072804134,0.19006059481254425,0.23331707455817763
ROP,1999-01-31,2024-12-31,25.916495550992472,0.16710485997752555,0.1867645753038757,0.24961392737470242
ROST,1999-01-31,2024-12-31,25.916495550992472,0.18305166216553515,0.21401958372953406,0.3085190283516968
RCL,1999-01-31,2024-12-31,25.916495550992472,0.08535481426986546,0.22547103154262604,0.5269435504071168
SPGI,1999-01-31,2024-12-31,25.916495550992472,0.13884889238914333,0.1625317775498531,0.25183712407093267
CRM,2004-06-30,2024-12-31,20.503764544832308,0.2412989800898515,0.288617973168108,0.38192233682807447
SBAC,1999-06-30,2024-12-31,25.505817932922657,0.1293960887472505,0.31444072978280546,0.6351397371508684
SLB,1999-01-31,2024-12-31,25.916495550992472,0.04205222625017346,0.10815390585559342,0.3621317493815994
STX,2002-12-31,2024-12-31,22.001368925393567,0.13809478608104597,0.23432336306724655,0.45782376125194413
SRE,1999-01-31,2024-12-31,25.916495550992472,0.12081074444932627,0.13348612901515625,0.19425009895551062
NOW,2012-06-30,2024-12-31,12.503764544832306,0.35207607720614686,0.35484819133490275,0.3158933614218065
SHW,1999-01-31,2024-12-31,25.916495550992472,0.170620033407749,0.18881446562557117,0.24606805854200947
SPG,1999-01-31,2024-12-31,25.916495550992472,0.13065435825710892,0.1695635436723388,0.29241175802408437
SWKS,1999-01-31,2024-12-31,25.916495550992472,0.08336390369484148,0.2413604165269373,0.585370293328768
SJM,1999-01-31,2024-12-31,25.916495550992472,0.08867981902602451,0.10950946238236359,0.22200721281476085
SW,2008-06-30,2024-12-31,16.503764544832308,0.14585990637311852,0.24243975796256803,0.481484082588156
SNA,1999-01-31,2024-12-31,25.916495550992472,0.12131755712501846,0.15367304593641073,0.276280547444281
SOLV,2024-03-31,2024-12-31,0.7529089664613279,-0.06652881119361931,-0.028849811074221243,0.28241447633761113
SO,1999-01-31,2024-12-31,25.916495550992472,0.11396078688517797,0.12367939112682823,0.17546372896399207
LUV,1999-01-31,2024-12-31,25.916495550992472,0.04627394608544422,0.09684688646217364,0.32172941473734123
SWK,1999-01-31,2024-12-31,25.916495550992472,0.07287470139186869,0.11368640646040845,0.29443342321209737
SBUX,1999-01-31,2024-12-31,25.916495550992472,0.14866733056698234,0.18789774333252318,0.30865082933378885
STT,1999-01-31,2024-12-31,25.916495550992472,0.05842865773784989,0.10721420717746297,0.3152959737029398
STLD,1999-01-31,2024-12-31,25.916495550992472,0.15561071138720384,0.2334953697793778,0.42021410838353834
STE,1999-01-31,2024-12-31,25.916495550992472,0.08980218399633211,0.12629212106109347,0.2793925095960516
SYK,1999-01-31,2024-12-31,25.916495550992472,0.15199965592286868,0.1715964571757933,0.24220557677070512
SMCI,2007-03-31,2024-12-31,17.754962354551676,0.22003302639202027,0.3540678051296923,0.590485472629904
SYF,2014-07-31,2024-12-31,10.420260095824778,0.12725060631268392,0.18630694626065844,0.3528125196941719
SNPS,1999-01-31,2024-12-31,25.916495550992472,0.11492316084449117,0.15947490510153406,0.3146118844961826
SYY,1999-01-31,2024-12-31,25.916495550992472,0.09549228780375563,0.11591352777404273,0.2206310721951946
TMUS,2007-04-30,2024-12-31,17.672826830937716,0.09334276516310269,0.15462315096431684,0.3556572651349677
TROW,1999-01-31,2024-12-31,25.916495550992472,0.10120615151989831,0.13847554919275765,0.2879716391667208
TTWO,1999-01-31,2024-12-31,25.916495550992472,0.1250479201045802,0.22906278809568997,0.47803905077661163
TPR,2000-10-31,2024-12-31,24.16700889801506,0.1574672288759127,0.22260746717703367,0.3887359585682217
TRGP,2010-12-31,2024-12-31,14.001368925393566,0.1968981816379929,0.3281866619964706,0.4999112362046455
TGT,1999-01-31,2024-12-31,25.916495550992472,0.07753489514467415,0.11393711975443163,0.280873627543842
TEL,2007-06-30,2024-12-31,17.505817932922657,0.0989990156199061,0.1418041347145685,0.31121566006523876
TDY,1999-11-30,2024-12-31,25.086926762491444,0.1713153397643532,0.22259155590488827,0.38206315664795787
TER,1999-01-31,2024-12-31,25.916495550992472,0.05709831642363583,0.1683737803600681,0.47081383813461314
TSLA,2010-06-30,2024-12-31,14.505133470225873,0.46846681227706677,0.5668919958224308,0.6342356252651458
TXN,1999-01-31,2024-12-31,25.916495550992472,0.10077746588095038,0.14923086285871667,0.32670018712497434
TPL,1999-01-31,2024-12-31,25.916495550992472,0.2558680615301274,0.3131388456969792,0.41713720405648047
TXT,1999-01-31,2024-12-31,25.916495550992472,0.039583764044964775,0.1152481644662068,0.3936401606076629
TMO,1999-01-31,2024-12-31,25.916495550992472,0.15088420955466497,0.17357022471157754,0.2536206033376266
TJX,1999-01-31,2024-12-31,25.916495550992472,0.1573947967463436,0.17742497573908272,0.24854752479605283
TKO,1999-10-31,2024-12-31,25.169062286105408,0.11055728351561322,0.18497224597679718,0.39754224265382376
TTD,2016-09-30,2024-12-31,8.251882272416154,0.5691643178076997,0.6550244686618791,0.6679180115817153
TSCO,1999-01-31,2024-12-31,25.916495550992472,0.22287923017438294,0.2653491052312383,0.3669900558472276
TT,1999-01-31,2024-12-31,25.916495550992472,0.15104397416511772,0.1921969239149392,0.3215837916143252
TDG,2006-03-31,2024-12-31,18.754277891854894,0.2953622654784953,0.3007998904277705,0.2741032765458969
TRV,1999-01-31,2024-12-31,25.916495550992472,0.11226538431503608,0.13652203797237433,0.2494644764991688
TRMB,1999-01-31,2024-12-31,25.916495550992472,0.1626779013273898,0.2360610676147889,0.4171695098948641
TFC,1999-01-31,2024-12-31,25.916495550992472,0.04214117025929598,0.0817179758721964,0.2824094055573106
TYL,1999-01-31,2024-12-31,25.916495550992472,0.20123999385389735,0.252907749659672,0.3781610629460637
TSN,1999-01-31,2024-12-31,25.916495550992472,0.05550877924376696,0.10336967578141862,0.3123357373187371
USB,1999-01-31,2024-12-31,25.916495550992472,0.052637224679558114,0.08924445837535508,0.26976727486210006
UBER,2019-05-31,2024-12-31,5.587953456536619,0.07581447511431927,0.1760816634351039,0.4658870288364072
UDR,1999-01-31,2024-12-31,25.916495550992472,0.11523920022982792,0.13775890678054556,0.23513761253307877
ULTA,2007-10-31,2024-12-31,17.169062286105408,0.1604927122509361,0.23311984196938823,0.403195380970852
UNP,1999-01-31,2024-12-31,25.916495550992472,0.13912107501077586,0.15911575581502826,0.23810750991101873
UAL,2006-02-28,2024-12-31,18.83915126625599,0.059329232155188816,0.21551384256770326,0.5671919320793994
UPS,1999-11-30,2024-12-31,25.086926762491444,0.053320786864624825,0.07686602389487875,0.22243869331368432
URI,1999-01-31,2024-12-31,25.916495550992472,0.12359804092429383,0.2487838552289166,0.511766735608957
UNH,1999-01-31,2024-12-31,25.916495550992472,0.20062154978849134,0.21382061799837343,0.2403476241983187
UHS,1999-01-31,2024-12-31,25.916495550992472,0.11748309080061103,0.1653384108891057,0.3294139592752892
VLO,1999-01-31,2024-12-31,25.916495550992472,0.16429037017325543,0.23528971846648716,0.4120034415239265
VTR,1999-01-31,2024-12-31,25.916495550992472,0.11728712494887339,0.1743386782305988,0.3478172295016851
VLTO,2023-10-31,2024-12-31,1.1690622861054072,0.4026855656641084,0.3703641703380932,0.23483135170976185
VRSN,1999-01-31,2024-12-31,25.916495550992472,0.0935118682984708,0.21676663642113955,0.5137390590295344
VRSK,2009-10-31,2024-12-31,15.16769336071184,0.16730894047294353,0.17506288690496952,0.19808961332456387
VZ,1999-01-31,2024-12-31,25.916495550992472,0.034732357146529,0.058468606477421636,0.22341505927086444
VRTX,1999-01-31,2024-12-31,25.916495550992472,0.1328605551830473,0.24927185392726978,0.5089411349581743
VTRS,1999-01-31,2024-12-31,25.916495550992472,0.004833573019420445,0.06253283820019434,0.3351895697907998
VICI,2018-01-31,2024-12-31,6.915811088295688,0.09742347386428607,0.12360019791320583,0.23816889682286688
V,2008-03-31,2024-12-31,16.752908966461327,0.20508143849472749,0.21271302760803362,0.2246272844126494
VST,2016-10-31,2024-12-31,8.167008898015059,0.3623921474782972,0.3766964743486585,0.36961736082310626
VMC,1999-01-31,2024-12-31,25.916495550992472,0.08474626931006779,0.12282305834334009,0.28477920965070475
WRB,1999-01-31,2024-12-31,25.916495550992472,0.17000501239962817,0.1889011534979937,0.2537256960354127
GWW,1999-01-31,2024-12-31,25.916495550992472,0.1529776106783991,0.1775028463336888,0.263204148092848
WAB,1999-01-31,2024-12-31,25.916495550992472,0.12660002224703737,0.17051070758361792,0.31490681987617314
WMT,1999-01-31,2024-12-31,25.916495550992472,0.09226872920475793,0.10852476452891462,0.19966728732717062
DIS,1999-01-31,2024-12-31,25.916495550992472,0.05920830957446066,0.0940388585000065,0.27000806907910724
WBD,2005-07-31,2024-12-31,19.419575633127995,0.02411662427513428,0.0928971683477415,0.3786879726723928
WM,1999-01-31,2024-12-31,25.916495550992472,0.07893898760601692,0.10805585398816189,0.2413820956970904
WAT,1999-01-31,2024-12-31,25.916495550992472,0.11372433243744107,0.16472616558882308,0.3333892306152317
WEC,1999-01-31,2024-12-31,25.916495550992472,0.11620350504339161,0.12439329762136994,0.16783424991992277
WFC,1999-01-31,2024-12-31,25.916495550992472,0.08426743268757853,0.1240467216561986,0.29117388601069005
WELL,1999-01-31,2024-12-31,25.916495550992472,0.13002818310516906,0.15229033978151663,0.23882353657307095
WST,1999-01-31,2024-12-31,25.916495550992472,0.16552838914639234,0.18897073324803088,0.26368353840219366
WDC,1999-01-31,2024-12-31,25.916495550992472,0.06761840145378994,0.21491311388339657,0.5678574542672015
WY,1999-01-31,2024-12-31,25.916495550992472,0.046566566865047676,0.09297688623136417,0.3045562818229036
WSM,1999-01-31,2024-12-31,25.916495550992472,0.1448670521243578,0.22343398423378139,0.4205334923084527
WMB,1999-01-31,2024-12-31,25.916495550992472,0.06934344158565664,0.15946608729316242,0.4186939863507724
WTW,2001-06-30,2024-12-31,23.50444900752909,0.10682076876156654,0.12526696312760952,0.2176743855550917
WDAY,2012-10-31,2024-12-31,12.167008898015059,0.1487099269911074,0.2037434342420391,0.36129614367780327
WYNN,2002-10-31,2024-12-31,22.168377823408623,0.12096031364218907,0.2332652408320091,0.5014814334952552
XEL,1999-01-31,2024-12-31,25.916495550992472,0.08047077041215656,0.10800743266379864,0.22909954582151018
XYL,2011-10-31,2024-12-31,13.169062286105408,0.13330644378977197,0.15439212141133257,0.24033837254414833
YUM,1999-01-31,2024-12-31,25.916495550992472,0.12805761937592952,0.15440479214284714,0.2593968021520289
ZBRA,1999-01-31,2024-12-31,25.916495550992472,0.1381513279645934,0.19124783981804389,0.3540607612988736
ZBH,2001-07-31,2024-12-31,23.419575633127995,0.06357253764715298,0.09328421036721457,0.2484590808828405
ZTS,2013-02-28,2024-12-31,11.838466803559205,0.15123955501043307,0.1653337568074976,0.2177237477539577
SPY,1999-01-31,2024-12-31,25.916495550992472,0.07976422434874308,0.08862654288934191,0.15186431298851116
